201,Lucee,Churchville,Cairns (QLD),Information & Communication Technology
202,Lotta,Szaflarski,Brisbane (QLD),Banking & Financial Services
203,Kyla-Grace,Rataczak,Hobart (TAS),Education & Training
204,Lowena,Pickerell,Brisbane (QLD),Hospitality & Tourism
205,Tara-Leigh,Stdenny,Cairns (QLD),Design & Architecture
206,Kelsiee,Ednilao,Sydney (NSW),Human Resources & Recruitment
207,Mckenzie,Prat,Brisbane (QLD),Information & Communication Technology
208,Abbe,Cebula,Cairns (QLD),Administration & Office Support
209,Kararose,Enciso,Gold Coast (QLD),Farming, Animals & Conservation
210,Alicia-Marie,Voltaire,Gold Coast (QLD),Call Centre & Customer Service
211,Murren,Payseur,Brisbane (QLD),Insurance & Superannuation
212,Clea,Saliba,Melbourne (VIC),Education & Training
213,Maanisha,Calcano,Brisbane (QLD),Engineering
214,Kaytie,Keele,Brisbane (QLD),Marketing & Communications
215,Katie-Marie,Glud,Melbourne (VIC),Call Centre & Customer Service
216,Soukina,Cambron,Cairns (QLD),Accounting
217,Tamara,Sjogren,Sydney (NSW),Marketing & Communications
218,Ruqayah,Sankar,Sydney (NSW),Science & Technology
219,Darcie,Affagato,Pert (WA),Science & Technology
220,Ember,Showalter,Cairns (QLD),Science & Technology
221,Karice,Locks,Cairns (QLD),Retail & Consumer Products
222,Komal,Eans,Hobart (TAS),Advertising, Arts & Media
223,Abbey,Strouth,Melbourne (VIC),Accounting
224,Kathrina,Newbound,Pert (WA),Design & Architecture
225,Florence,Dawkin,Melbourne (VIC),Community Services & Development
226,Mirran,Lehneis,Hobart (TAS),Manufacturing, Transport & Logistics
227,Hebe,Chio,Sydney (NSW),Sport & Recreation
228,Eleonora,Bonaccorsi,Gold Coast (QLD),Consulting & Strategy
229,Etiene,Simley,Hobart (TAS),Design & Architecture
230,Ceol,Kazanjian,Gold Coast (QLD),Banking & Financial Services
231,Iris,Sheild,Brisbane (QLD),Insurance & Superannuation
232,Sabina,Marcell,Brisbane (QLD),Healthcare & Medical
233,Islay,Opdyke,Pert (WA),Sales
234,Olutobilola,Mettle,Pert (WA),Information & Communication Technology
235,Lilley,Homrighaus,Hobart (TAS),Sales
236,Sukveer,Nibert,Gold Coast (QLD),Marketing & Communications
237,Chloe-Louise,Dicecco,Hobart (TAS),Retail & Consumer Products
238,Shelbie,David,Pert (WA),Human Resources & Recruitment
239,Riha,Yamaguchi,Sydney (NSW),Science & Technology
240,Swarnalakshmi,Reiman,Hobart (TAS),Sport & Recreation
241,Haadiyah,Quarterman,Pert (WA),Community Services & Development
242,Lexis,Boudjouk,Melbourne (VIC),Information & Communication Technology
243,Otilia,Mcgwin,Hobart (TAS),Insurance & Superannuation
244,Kinza,Scoleri,Pert (WA),Science & Technology
245,Munachi,Bergeaux,Brisbane (QLD),Information & Communication Technology
246,Khaia,Wigfield,Pert (WA),Design & Architecture
247,Arfaa,Stainback,Brisbane (QLD),Retail & Consumer Products
248,Ellah,Danley,Gold Coast (QLD),Construction
249,Miriam,Nakasone,Pert (WA),Education & Training
250,Mailli,Hrycenko,Cairns (QLD),Manufacturing, Transport & Logistics
251,Libbi-louise,Huitron,Sydney (NSW),Accounting
252,Aileigh,Salvature,Hobart (TAS),Sport & Recreation
253,Eubh,Vizcarra,Gold Coast (QLD),Marketing & Communications
254,Esmee,Mosho,Brisbane (QLD),Consulting & Strategy
255,Marta,Dubach,Gold Coast (QLD),Self Employment
256,Seonag,Ester,Cairns (QLD),Self Employment
257,Wiktoria,Crumb,Gold Coast (QLD),Education & Training
258,Pia,Eiesland,Hobart (TAS),Mining, Resources & Energy
259,Louella,Jenkins,Cairns (QLD),Hospitality & Tourism
260,Mandy,Estrela,Pert (WA),Advertising, Arts & Media
261,Calice,Kaup,Gold Coast (QLD),Trades & Services
262,Melis,Yake,Cairns (QLD),Marketing & Communications
263,Aoibha,Finnigan,Pert (WA),Information & Communication Technology
264,Tamta,Berlinghof,Hobart (TAS),Consulting & Strategy
265,Katie-Marie,Scarlata,Hobart (TAS),Human Resources & Recruitment
266,Gaia,Carfrey,Cairns (QLD),Community Services & Development
267,Rowanna,Scalet,Gold Coast (QLD),Information & Communication Technology
268,Keirra,Huck,Cairns (QLD),Construction
269,Zainab,Johll,Cairns (QLD),Retail & Consumer Products
270,Hailie,Gennock,Hobart (TAS),Accounting
271,Amaarah,Canty,Sydney (NSW),Farming, Animals & Conservation
272,Mara,Toomes,Melbourne (VIC),Legal
273,Samiha,Scroggin,Sydney (NSW),Farming, Animals & Conservation
274,Janet,Finck,Hobart (TAS),Trades & Services
275,Ashley,Yantis,Hobart (TAS),Farming, Animals & Conservation
276,Sharon,Carras,Melbourne (VIC),Marketing & Communications
277,Kassidy,Shene,Sydney (NSW),Engineering
278,Seighin,Howatt,Pert (WA),Trades & Services
279,Laila,Yahl,Cairns (QLD),Farming, Animals & Conservation
280,Ines,Stempel,Cairns (QLD),Trades & Services
281,Fatiha,Session,Pert (WA),Banking & Financial Services
282,Marykate,Quattrini,Brisbane (QLD),Construction
283,Ajooni,Lura,Hobart (TAS),Trades & Services
284,Adana,Maloof,Melbourne (VIC),Advertising, Arts & Media
285,Adelaide,Barnum,Brisbane (QLD),Science & Technology
286,Marriam,Risby,Brisbane (QLD),Science & Technology
287,Anum,Cornea,Cairns (QLD),Human Resources & Recruitment
288,Tillie,Auces,Brisbane (QLD),Healthcare & Medical
289,Dannii,Mora,Cairns (QLD),Sales
290,Courteney,Sieker,Melbourne (VIC),Design & Architecture
291,Keryis,Thomley,Sydney (NSW),Human Resources & Recruitment
292,Aleksandra,Germershausen,Hobart (TAS),Administration & Office Support
293,Evelynne,Brunetta,Melbourne (VIC),Trades & Services
294,Kaleah,Mcmindes,Cairns (QLD),Construction
295,Georgie,Burright,Melbourne (VIC),Manufacturing, Transport & Logistics
296,Abrar,Belko,Pert (WA),Hospitality & Tourism
297,Clove,Simenez,Brisbane (QLD),Advertising, Arts & Media
298,Lexie,Billingsley,Gold Coast (QLD),Real Estate & Property
299,Alex,Minge,Hobart (TAS),Healthcare & Medical
